"name","category","prices/lowestPrice","prices/prices/0/availability","prices/prices/0/buyLink","prices/prices/0/currency","prices/prices/0/merchant","prices/prices/0/price","prices/prices/1/availability","prices/prices/1/buyLink","prices/prices/1/currency","prices/prices/1/merchant","prices/prices/1/price","prices/prices/2/availability","prices/prices/2/buyLink","prices/prices/2/currency","prices/prices/2/merchant","prices/prices/2/price","ratings/averageRating","ratings/numberOfRatings","ratings/percentages/1*","ratings/percentages/2*","ratings/percentages/3*","ratings/percentages/4*","ratings/percentages/5*","specifications/CAS Latency","specifications/Color","specifications/ECC / Registered","specifications/First Word Latency","specifications/Form Factor","specifications/Heat Spreader","specifications/Manufacturer","specifications/Model","specifications/Modules","specifications/Part #","specifications/Part #/0","specifications/Part #/1","specifications/Price / GB","specifications/Speed","specifications/Timing","specifications/Voltage","reviews","url"
"Kingston FURY Beast 16 GB (2 x 8 GB) DDR4-3600 CL17 Memory","Memory","87","Available soon","https://www.amazon.com/dp/B097K54WGV?tag=pcpapi-20&linkCode=ogi&th=1&psc=1","$","amazon","87",,,,,,,,,,,,,,,,,,"17","Black","Non-ECC / Unbuffered","9.444 ns","288-pin DIMM (DDR4)","Yes","Kingston",,"2 x 8GB","KF436C17BBK2/16",,,"$5.438","DDR4-3600",,"1.35 V",,"https://pcpartpicker.com/product/DBH7YJ/kingston-fury-beast-16-gb-2-x-8-gb-ddr4-3600-cl17-memory-kf436c17bbk216"
"Kingston FURY Beast 64 GB (2 x 32 GB) DDR5-5200 CL40 Memory","Memory","469.1","Available soon","https://www.awin1.com/cread.php?awinmid=91785&awinaffid=127079&ued=https%3A%2F%2Fwww.memoryc.com%2F39372-64gb-kingston-fury-beast-ddr5-5200mhz-cl40-dual-channel-kit-2-x-32gb.html","$","memoryc","469.1",,,,,,,,,,,,,,,,,,"40","Black","Non-ECC / Unbuffered","15.385 ns","288-pin DIMM (DDR5)","Yes","Kingston",,"2 x 32GB","KF552C40BBK2-64",,,"$7.331","DDR5-5200",,"1.25 V",,"https://pcpartpicker.com/product/D6zhP6/kingston-fury-beast-64-gb-2-x-32-gb-ddr5-5200-cl40-memory-kf552c40bbk2-64"
"Kingston FURY Beast RGB 32 GB (2 x 16 GB) DDR5-5200 CL40 Memory","Memory","273.3","Available soon","https://www.awin1.com/cread.php?awinmid=91785&awinaffid=127079&ued=https%3A%2F%2Fwww.memoryc.com%2F43116-32gb-kingston-fury-beast-rgb-5200mhz-ddr5-cl40-dual-channel-kit-2x-16gb.html","$","memoryc","273.3","In stock","https://www.amazon.com/dp/B0B1QP3FKQ?tag=pcpapi-20&linkCode=ogi&th=1&psc=1","$","amazon","279.9",,,,,,"4","2","0%","0%","50%","0%","50%","40","Black","Non-ECC / Unbuffered","15.385 ns","288-pin DIMM (DDR5)","Yes","Kingston",,"2 x 16GB","KF552C40BBAK2-32",,,"$8.541","DDR5-5200",,"1.25 V",,"https://pcpartpicker.com/product/gpwypg/kingston-fury-beast-rgb-32-gb-2-x-16-gb-ddr5-5200-cl40-memory-kf552c40bbak2-32"
"Kingston FURY Renegade 16 GB (1 x 16 GB) DDR5-6400 CL32 Memory","Memory",,,,,,,,,,,,,,,,,,,,,,,,"32","White / Silver","Non-ECC / Unbuffered","10 ns","288-pin DIMM (DDR5)","Yes","Kingston",,"1 x 16GB","KF564C32RWA-16",,,,"DDR5-6400",,"1.4 V",,"https://pcpartpicker.com/product/ZFsV3C/kingston-fury-renegade-16-gb-1-x-16-gb-ddr5-6400-cl32-memory-kf564c32rwa-16"
"Kingston FURY Beast 32 GB (2 x 16 GB) DDR5-6000 CL30 Memory","Memory","249.9","Out of stock","https://click.linksynergy.com/deeplink?id=8BacdVP0GFs&mid=44583&murl=https%3A%2F%2Fwww.newegg.com%2Fkingston-technology-corp-fury-beast-32gb-ddr5-6000-cas-latency-cl30-memory-black%2Fp%2FN82E16820242860%3Fitem%3DN82E16820242860","$","newegg","249.9",,,,,,,,,,,"5","22","0%","0%","0%","0%","100%","30","Black","Non-ECC / Unbuffered","10 ns","288-pin DIMM (DDR5)","Yes","Kingston",,"2 x 16GB","KF560C30BBEK2-32",,,"$7.812","DDR5-6000",,"1.4 V",,"https://pcpartpicker.com/product/q7LdnQ/kingston-fury-beast-32-gb-2-x-16-gb-ddr5-6000-cl30-memory-kf560c30bbek2-32"
"Kingston FURY Beast RGB 32 GB (2 x 16 GB) DDR5-5600 CL40 Memory","Memory","329.9","In stock","https://click.linksynergy.com/deeplink?id=8BacdVP0GFs&mid=44583&murl=https%3A%2F%2Fwww.newegg.com%2Fkingston-technology-corp-fury-beast-32gb-ddr5-5600-cas-latency-cl40-memory-black%2Fp%2F0RM-001W-00680%3Fitem%3D0RM-001W-00680","$","newegg","329.9","In stock","https://www.amazon.com/dp/B0B1QQHL42?tag=pcpapi-20&linkCode=ogi&th=1&psc=1","$","amazon","356.4",,,,,,"5","3","0%","0%","0%","0%","100%","40","Black","Non-ECC / Unbuffered","14.286 ns","288-pin DIMM (DDR5)","Yes","Kingston",,"2 x 16GB","KF556C40BBAK2-32",,,"$10.312","DDR5-5600",,"1.25 V",,"https://pcpartpicker.com/product/QBnypg/kingston-fury-beast-rgb-32-gb-2-x-16-gb-ddr5-5600-cl40-memory-kf556c40bbak2-32"
"Kingston FURY Beast 16 GB (2 x 8 GB) DDR5-5200 CL40 Memory","Memory","169.9","In stock","https://click.linksynergy.com/deeplink?id=8BacdVP0GFs&mid=44583&murl=https%3A%2F%2Fwww.newegg.com%2Fkingston-technology-corp-kf552c40bbk2-16-16gb-ddr5-5200-cas-latency-cl40-memory-black%2Fp%2F0RN-001J-013N0%3Fitem%3D0RN-001J-013N0","$","newegg","169.9","In stock","https://www.amazon.com/dp/B09T97ZSVB?tag=pcpapi-20&linkCode=ogi&th=1&psc=1","$","amazon","183.9","Available soon","https://www.awin1.com/cread.php?awinmid=91785&awinaffid=127079&ued=https%3A%2F%2Fwww.memoryc.com%2F39381-16gb-kingston-fury-beast-ddr5-5200mhz-cl40-dual-channel-kit-2-x-8gb.html","$","memoryc","195.2","4.6","8","0%","0%","12%","13%","75%","40","Black","Non-ECC / Unbuffered","15.385 ns","288-pin DIMM (DDR5)","Yes","Kingston",,"2 x 8GB","KF552C40BBK2-16",,,"$10.624","DDR5-5200",,"1.25 V",,"https://pcpartpicker.com/product/hbJgXL/kingston-fury-beast-16-gb-2-x-8-gb-ddr5-5200-cl40-memory-kf552c40bbk2-16"
"Kingston FURY Beast 32 GB (2 x 16 GB) DDR4-3600 CL18 Memory","Memory","224.9","Available soon","https://www.awin1.com/cread.php?awinmid=91785&awinaffid=127079&ued=https%3A%2F%2Fwww.memoryc.com%2F36552-32gb-kingston-technology-fury-beast-3600mhz-ddr4-dual-memory-kit-2-x-16gb.html","$","memoryc","224.9","In stock","https://www.amazon.com/dp/B097K4QKQK?tag=pcpapi-20&linkCode=ogi&th=1&psc=1","$","amazon","239.4",,,,,,"4.3","6","17%","0%","0%","0%","83%","18","Black","Non-ECC / Unbuffered","10 ns","288-pin DIMM (DDR4)","Yes","Kingston",,"2 x 16GB","KF436C18BBK2/32",,,"$7.030","DDR4-3600",,"1.35 V",,"https://pcpartpicker.com/product/hsWzK8/kingston-fury-beast-32-gb-2-x-16-gb-ddr4-3600-cl18-memory-kf436c18bbk232"
"Kingston Fury Renegade RGB 32 GB (2 x 16 GB) DDR5-6400 CL32 Memory","Memory","368.9","In stock","https://www.amazon.com/dp/B0B72BM63Q?tag=pcpapi-20&linkCode=ogi&th=1&psc=1","$","amazon","368.9",,,,,,,,,,,"5","2","0%","0%","0%","0%","100%","32","Silver / Black","Non-ECC / Unbuffered","10 ns","288-pin DIMM (DDR5)","Yes","Kingston",,"2 x 16GB","KF564C32RSAK2-32",,,"$11.531","DDR5-6400",,"1.4 V",,"https://pcpartpicker.com/product/DTLFf7/kingston-fury-renegade-rgb-32-gb-2-x-16-gb-ddr5-6400-cl32-memory-kf564c32rsak2-32"
"Kingston FURY Beast RGB 64 GB (2 x 32 GB) DDR5-6000 CL30 Memory","Memory","519.9","Out of stock","https://click.linksynergy.com/deeplink?id=8BacdVP0GFs&mid=44583&murl=https%3A%2F%2Fwww.newegg.com%2Fkingston-technology-corp-fury-beast-64gb-ddr5-6000-cas-latency-cl30-memory-white%2Fp%2FN82E16820242867%3Fitem%3DN82E16820242867","$","newegg","519.9","In stock","https://www.amazon.com/dp/B0CYM1HV7C?tag=pcpapi-20&linkCode=ogi&th=1&psc=1","$","amazon","692.4",,,,,,"4.5","4","0%","0%","0%","50%","50%","30","White","Non-ECC / Unbuffered","10 ns","288-pin DIMM (DDR5)","Yes","Kingston",,"2 x 32GB","KF560C30BWEAK2-64",,,"$10.819","DDR5-6000",,"1.4 V",,"https://pcpartpicker.com/product/DMkH99/kingston-fury-beast-rgb-64-gb-2-x-32-gb-ddr5-6000-cl30-memory-kf560c30bweak2-64"
"Kingston FURY Beast 128 GB (4 x 32 GB) DDR5-5600 CL40 Memory","Memory",,,,,,,,,,,,,,,,,"5","1","0%","0%","0%","0%","100%","40","White","Non-ECC / Unbuffered","14.286 ns","288-pin DIMM (DDR5)","Yes","Kingston",,"4 x 32GB","KF556C40BWK4-128",,,,"DDR5-5600",,"1.25 V",,"https://pcpartpicker.com/product/2RyH99/kingston-fury-beast-128-gb-4-x-32-gb-ddr5-5600-cl40-memory-kf556c40bwk4-128"
"Kingston FURY 64 GB (2 x 32 GB) DDR5-6000 CL36 Memory","Memory","639.9","Out of stock","https://click.linksynergy.com/deeplink?id=8BacdVP0GFs&mid=44583&murl=https%3A%2F%2Fwww.newegg.com%2Fkingston-technology-corp-fury-beast-64gb-ddr5-6000-cas-latency-cl36-memory-silver-white%2Fp%2F0RM-001W-006X5%3Fitem%3D0RM-001W-006X5","$","newegg","639.9",,,,,,,,,,,,,,,,,,"36","White","Non-ECC / Unbuffered","12 ns","288-pin DIMM (DDR5)","Yes","Kingston",,"2 x 32GB","KF560C36BWEAK2-64",,,"$10.000","DDR5-6000",,"1.35 V",,"https://pcpartpicker.com/product/BvfV3C/kingston-fury-64-gb-2-x-32-gb-ddr5-6000-cl36-memory-kf560c36bweak2-64"
"Kingston FURY Beast RGB 32 GB (2 x 16 GB) DDR5-5600 CL36 Memory","Memory",,,,,,,,,,,,,,,,,,,,,,,,"36","White","Non-ECC / Unbuffered","12.857 ns","288-pin DIMM (DDR5)","Yes","Kingston",,"2 x 16GB","KF556C36BWEAK2-32",,,,"DDR5-5600",,"1.25 V",,"https://pcpartpicker.com/product/7VxxFT/kingston-fury-beast-rgb-32-gb-2-x-16-gb-ddr5-5600-cl36-memory-kf556c36bweak2-32"
"Kingston FURY Beast 32 GB (1 x 32 GB) DDR4-3200 CL16 Memory","Memory","158.7","In stock","https://www.amazon.com/dp/B097K3STJG?tag=pcpapi-20&linkCode=ogi&th=1&psc=1","$","amazon","158.7","Available soon","https://www.awin1.com/cread.php?awinmid=91785&awinaffid=127079&ued=https%3A%2F%2Fwww.memoryc.com%2F36410-32gb-kingston-fury-beast-3200mhz-ddr4-memory-module-1-x-32gb.html","$","memoryc","223.5",,,,,,"5","2","0%","0%","0%","0%","100%","16","Black","Non-ECC / Unbuffered","10 ns","288-pin DIMM (DDR4)","Yes","Kingston",,"1 x 32GB","KF432C16BB/32",,,"$4.962","DDR4-3200",,"1.35 V",,"https://pcpartpicker.com/product/c2BG3C/kingston-fury-beast-32-gb-1-x-32-gb-ddr4-3200-cl16-memory-kf432c16bb32"
"Kingston FURY Beast 16 GB (1 x 16 GB) DDR5-6000 CL30 Memory","Memory","283","In stock","https://www.awin1.com/cread.php?awinmid=91785&awinaffid=127079&ued=https%3A%2F%2Fwww.memoryc.com%2F64081-kingston-technology-fury-beast-16gb-6000mt-s-ddr5-cl30-dimm-black-expo.html","$","memoryc","283",,,,,,,,,,,,,,,,,,"30","Black","Non-ECC / Unbuffered","10 ns","288-pin DIMM (DDR5)","Yes","Kingston",,"1 x 16GB","KF560C30BBE-16",,,"$17.691","DDR5-6000",,"1.4 V",,"https://pcpartpicker.com/product/dggrxr/kingston-fury-beast-16-gb-1-x-16-gb-ddr5-6000-cl30-memory-kf560c30bbe-16"
"Kingston FURY Beast RGB 64 GB (2 x 32 GB) DDR5-6000 CL30 Memory","Memory","908.6","In stock","https://www.amazon.com/dp/B0CYLY5N3R?tag=pcpapi-20&linkCode=ogi&th=1&psc=1","$","amazon","908.6",,,,,,,,,,,,,,,,,,"30","White","Non-ECC / Unbuffered","10 ns","288-pin DIMM (DDR5)","Yes","Kingston",,"2 x 32GB","KF560C30BWAK2-64",,,"$14.197","DDR5-6000",,"1.4 V",,"https://pcpartpicker.com/product/M6Hqqs/kingston-fury-beast-rgb-64-gb-2-x-32-gb-ddr5-6000-cl30-memory-kf560c30bwak2-64"
"Kingston FURY Beast RGB 32 GB (2 x 16 GB) DDR5-5600 CL36 Memory","Memory","377.3","Available soon","https://www.awin1.com/cread.php?awinmid=91785&awinaffid=127079&ued=https%3A%2F%2Fwww.memoryc.com%2F41887-32gb-kingston-technology-fury-beast-rgb-ddr5-5600mhz-dual-memory-kit-2-x-16gb.html","$","memoryc","377.3",,,,,,,,,,,"4.9","7","0%","0%","0%","14%","86%","36","Black","Non-ECC / Unbuffered","12.857 ns","288-pin DIMM (DDR5)","Yes","Kingston",,"2 x 16GB","KF556C36BBEAK2-32",,,"$11.792","DDR5-5600",,"1.25 V",,"https://pcpartpicker.com/product/WFzhP6/kingston-fury-beast-rgb-32-gb-2-x-16-gb-ddr5-5600-cl36-memory-kf556c36bbeak2-32"
"Kingston FURY Beast 16 GB (2 x 8 GB) DDR5-5600 CL40 Memory","Memory","145.9","In stock","https://www.amazon.com/dp/B09T8VWV2R?tag=pcpapi-20&linkCode=ogi&th=1&psc=1","$","amazon","145.9","Available soon","https://www.awin1.com/cread.php?awinmid=91785&awinaffid=127079&ued=https%3A%2F%2Fwww.memoryc.com%2F39383-16gb-kingston-fury-beast-ddr5-5600mhz-cl40-dual-channel-kit-2-x-8gb.html","$","memoryc","208.3",,,,,,,,,,,,,"40","Black","Non-ECC / Unbuffered","14.286 ns","288-pin DIMM (DDR5)","Yes","Kingston",,"2 x 8GB","KF556C40BBK2-16",,,"$9.124","DDR5-5600",,"1.25 V",,"https://pcpartpicker.com/product/gG8bt6/kingston-fury-beast-16-gb-2-x-8-gb-ddr5-5600-cl40-memory-kf556c40bbk2-16"
"Kingston FURY Beast RGB 128 GB (2 x 64 GB) DDR5-5600 CL36 Memory","Memory","1197.9","In stock","https://click.linksynergy.com/deeplink?id=8BacdVP0GFs&mid=44583&murl=https%3A%2F%2Fwww.newegg.com%2Fkingston-technology-corp-fury-beast-128gb-2-x-64gb-ddr5-5600-pc5-44800-cas-latency-cl36-memory-desktop-memory-black%2Fp%2F0RN-001J-015F5%3Fitem%3D0RN-001J-015F5","$","newegg","1197.9",,,,,,,,,,,,,,,,,,"36","Black","Non-ECC / Unbuffered","12.857 ns","288-pin DIMM (DDR5)","Yes","Kingston",,"2 x 64GB","KF556C36BBEAK2-128",,,"$9.359","DDR5-5600",,"1.25 V",,"https://pcpartpicker.com/product/9TFCmG/kingston-fury-beast-rgb-128-gb-2-x-64-gb-ddr5-5600-cl36-memory-kf556c36bbeak2-128"
"Kingston FURY Renegade 32 GB (2 x 16 GB) DDR5-6400 CL32 Memory","Memory","292.2","Available soon","https://www.awin1.com/cread.php?awinmid=91785&awinaffid=127079&ued=https%3A%2F%2Fwww.memoryc.com%2F42992-32gb-kingston-technology-fury-renegade-6400mhz-ddr5-cl32-dual-channel-2-x-16gb.html","$","memoryc","292.2","In stock","https://www.amazon.com/dp/B0B72827G5?tag=pcpapi-20&linkCode=ogi&th=1&psc=1","$","amazon","295",,,,,,"5","2","0%","0%","0%","0%","100%","32","Silver / Black","Non-ECC / Unbuffered","10 ns","288-pin DIMM (DDR5)","Yes","Kingston",,"2 x 16GB","KF564C32RSK2-32",,,"$9.132","DDR5-6400",,"1.4 V",,"https://pcpartpicker.com/product/D2XJ7P/kingston-fury-renegade-32-gb-2-x-16-gb-ddr5-6400-cl32-memory-kf564c32rsk2-32"
"Kingston Server Premier 32 GB (1 x 32 GB) DDR4-3200 CL22 Memory","Memory","179.9","Out of stock","https://click.linksynergy.com/deeplink?id=8BacdVP0GFs&mid=44583&murl=https%3A%2F%2Fwww.newegg.com%2Fkingston-32gb%2Fp%2F0RN-001J-013R4%3Fitem%3D0RN-001J-013R4","$","newegg","179.9","In stock","https://www.amazon.com/dp/B09N9V1ZS4?tag=pcpapi-20&linkCode=ogi&th=1&psc=1","$","amazon","363.3",,,,,,,,,,,,,"22",,"ECC / Unbuffered","13.75 ns","288-pin DIMM (DDR4)","No","Kingston",,"1 x 32GB","KSM32ED8/32HC",,,"$11.354","DDR4-3200",,"1.2 V",,"https://pcpartpicker.com/product/2pYmP6/kingston-server-premier-32-gb-1-x-32-gb-ddr4-3200-cl22-memory-ksm32ed832hc"
"Kingston FURY Beast RGB 32 GB (2 x 16 GB) DDR5-6400 CL32 Memory","Memory",,,,,,,,,,,,,,,,,"5","1","0%","0%","0%","0%","100%","32","White","Non-ECC / Unbuffered","10 ns","288-pin DIMM (DDR5)","Yes","Kingston",,"2 x 16GB","KF564C32BWEAK2-32",,,,"DDR5-6400",,"1.4 V",,"https://pcpartpicker.com/product/4C3NnQ/kingston-fury-beast-rgb-32-gb-2-x-16-gb-ddr5-6400-cl32-memory-kf564c32bweak2-32"
"Kingston Server Premier 64 GB (1 x 64 GB) Registered DDR4-3200 CL22 Memory","Memory","587.9","Out of stock","https://click.linksynergy.com/deeplink?id=8BacdVP0GFs&mid=44583&murl=https%3A%2F%2Fwww.newegg.com%2Fkingston-64gb%2Fp%2F0RN-001J-013W7%3Fitem%3D0RN-001J-013W7","$","newegg","587.9",,,,,,,,,,,,,,,,,,"22",,"ECC / Registered","13.75 ns","288-pin DIMM (DDR4)","No","Kingston",,"1 x 64GB","KSM32RD4/64HCR",,,"$9.187","DDR4-3200",,"1.2 V",,"https://pcpartpicker.com/product/PnVmP6/kingston-server-premier-64-gb-1-x-64-gb-registered-ddr4-3200-cl22-memory-ksm32rd464hcr"
"Kingston FURY Beast 16 GB (1 x 16 GB) DDR4-3200 CL16 Memory","Memory","94","In stock","https://www.amazon.com/dp/B097K3WV9J?tag=pcpapi-20&linkCode=ogi&th=1&psc=1","$","amazon","94","Available soon","https://www.awin1.com/cread.php?awinmid=91785&awinaffid=127079&ued=https%3A%2F%2Fwww.memoryc.com%2F36289-16gb-kingston-technology-fury-beast-3200mhz-ddr4-memory-module-1-x-16gb.html","$","memoryc","128.1",,,,,,"5","2","0%","0%","0%","0%","100%","16","Black","Non-ECC / Unbuffered","10 ns","288-pin DIMM (DDR4)","Yes","Kingston",,"1 x 16GB","KF432C16BB/16",,,"$5.875","DDR4-3200",,"1.35 V",,"https://pcpartpicker.com/product/vJTp99/kingston-fury-beast-16-gb-1-x-16-gb-ddr4-3200-cl16-memory-kf432c16bb16"
"Kingston FURY Beast RGB 32 GB (2 x 16 GB) DDR5-6000 CL30 Memory","Memory",,,,,,,,,,,,,,,,,,,,,,,,"30","Black","Non-ECC / Unbuffered","10 ns","288-pin DIMM (DDR5)","Yes","Kingston",,"2 x 16GB","KF560C30BBAK2-32",,,,"DDR5-6000",,"1.4 V",,"https://pcpartpicker.com/product/fkMMnQ/kingston-fury-beast-rgb-32-gb-2-x-16-gb-ddr5-6000-cl30-memory-kf560c30bbak2-32"
"Kingston FURY Beast 32 GB (2 x 16 GB) DDR5-6400 CL32 Memory","Memory",,,,,,,,,,,,,,,,,,,,,,,,"32","White","Non-ECC / Unbuffered","10 ns","288-pin DIMM (DDR5)","Yes","Kingston",,"2 x 16GB","KF564C32BWK2-32",,,,"DDR5-6400",,"1.4 V",,"https://pcpartpicker.com/product/JVhv6h/kingston-fury-beast-32-gb-2-x-16-gb-ddr5-6400-cl32-memory-kf564c32bwk2-32"
"Kingston FURY Beast 8 GB (1 x 8 GB) DDR5-6000 CL30 Memory","Memory",,,,,,,,,,,,,,,,,,,,,,,,"30","Black","Non-ECC / Unbuffered","10 ns","288-pin DIMM (DDR5)","Yes","Kingston",,"1 x 8GB","KF560C30BBE-8",,,,"DDR5-6000",,"1.4 V",,"https://pcpartpicker.com/product/cmsV3C/kingston-fury-beast-8-gb-1-x-8-gb-ddr5-6000-cl30-memory-kf560c30bbe-8"
"Kingston Server Premier 64 GB (1 x 64 GB) Registered DDR4-2666 CL19 Memory","Memory","249.9","Out of stock","https://click.linksynergy.com/deeplink?id=8BacdVP0GFs&mid=44583&murl=https%3A%2F%2Fwww.newegg.com%2Fkingston-64gb%2Fp%2F0RM-001W-00682%3Fitem%3D0RM-001W-00682","$","newegg","249.9","In stock","https://www.amazon.com/dp/B09Y369M2P?tag=pcpapi-20&linkCode=ogi&th=1&psc=1","$","amazon","609.9",,,,,,,,,,,,,"19",,"ECC / Registered","14.254 ns","288-pin DIMM (DDR4)","No","Kingston",,"1 x 64GB","KSM26RD4/64MFR",,,"$9.531","DDR4-2666",,"1.2 V",,"https://pcpartpicker.com/product/QBBG3C/kingston-server-premier-64-gb-1-x-64-gb-registered-ddr4-2666-cl19-memory-ksm26rd464mfr"
"Kingston HyperX Fury 8 GB (1 x 8 GB) DDR4-3200 CL18 Memory","Memory",,,,,,,,,,,,,,,,,"4.7","9","0%","0%","0%","33%","67%","18","Black / Silver","Non-ECC / Unbuffered","11.25 ns","288-pin DIMM (DDR4)","Yes","Kingston",,"1 x 8GB","HX432C18FB2/8",,,,"DDR4-3200",,"1.2 V",,"https://pcpartpicker.com/product/XvyV3C/kingston-hyperx-fury-8-gb-1-x-8-gb-ddr4-3200-memory-hx432c18fb28"
"Kingston FURY Beast 32 GB (2 x 16 GB) DDR5-6000 CL36 Memory","Memory",,,,,,,,,,,,,,,,,"4.7","13","0%","0%","8%","15%","77%","36","Black","Non-ECC / Unbuffered","12 ns","288-pin DIMM (DDR5)","Yes","Kingston",,"2 x 16GB","KF560C36BBEK2-32",,,,"DDR5-6000",,"1.35 V",,"https://pcpartpicker.com/product/hMLFf7/kingston-fury-beast-32-gb-2-x-16-gb-ddr5-6000-cl36-memory-kf560c36bbek2-32"
"Kingston FURY Beast 16 GB (2 x 8 GB) DDR5-4800 CL38 Memory","Memory",,,,,,,,,,,,,,,,,"5","1","0%","0%","0%","0%","100%","38","Black","Non-ECC / Unbuffered","15.833 ns","288-pin DIMM (DDR5)","Yes","Kingston",,"2 x 8GB","KF548C38BBK2-16",,,,"DDR5-4800",,"1.1 V",,"https://pcpartpicker.com/product/9fgFf7/kingston-fury-beast-16-gb-2-x-8-gb-ddr5-4800-cl38-memory-kf548c38bbk2-16"
"Kingston FURY Beast RGB 16 GB (2 x 8 GB) DDR5-6000 CL30 Memory","Memory",,,,,,,,,,,,,,,,,,,,,,,,"30","Black","Non-ECC / Unbuffered","10 ns","288-pin DIMM (DDR5)","Yes","Kingston",,"2 x 8GB","KF560C30BBEAK2-16",,,,"DDR5-6000",,"1.4 V",,"https://pcpartpicker.com/product/B4bRsY/kingston-fury-beast-rgb-16-gb-2-x-8-gb-ddr5-6000-cl30-memory-kf560c30bbeak2-16"
"Kingston FURY Beast RGB 32 GB (2 x 16 GB) DDR5-6000 CL30 Memory","Memory","359.9","Out of stock","https://click.linksynergy.com/deeplink?id=8BacdVP0GFs&mid=44583&murl=https%3A%2F%2Fwww.newegg.com%2Fkingston-technology-corp-fury-beast-32gb-ddr5-6000-cas-latency-cl30-memory-black%2Fp%2FN82E16820242861%3Fitem%3DN82E16820242861","$","newegg","359.9","In stock","https://www.awin1.com/cread.php?awinmid=91785&awinaffid=127079&ued=https%3A%2F%2Fwww.memoryc.com%2F64470-kingston-technology-fury-beast-32gb-6000mt-s-ddr5-cl30-dimm-kit-of-2-rgb-expo.html","$","memoryc","421.5",,,,,,"4.8","11","0%","0%","9%","0%","91%","30","Black","Non-ECC / Unbuffered","10 ns","288-pin DIMM (DDR5)","Yes","Kingston",,"2 x 16GB","KF560C30BBEAK2-32",,,"$13.174","DDR5-6000",,"1.4 V",,"https://pcpartpicker.com/product/NWhv6h/kingston-fury-beast-rgb-32-gb-2-x-16-gb-ddr5-6000-cl30-memory-kf560c30bbeak2-32"
"Kingston FURY Beast 16 GB (1 x 16 GB) DDR5-6400 CL32 Memory","Memory",,,,,,,,,,,,,,,,,,,,,,,,"32","Black","Non-ECC / Unbuffered","10 ns","288-pin DIMM (DDR5)","Yes","Kingston",,"1 x 16GB","KF564C32BBE-16",,,,"DDR5-6400",,"1.4 V",,"https://pcpartpicker.com/product/D8LdnQ/kingston-fury-beast-16-gb-1-x-16-gb-ddr5-6400-cl32-memory-kf564c32bbe-16"
"Kingston FURY Beast RGB 64 GB (2 x 32 GB) DDR5-6400 CL32 Memory","Memory","694.9","In stock","https://www.amazon.com/dp/B0CYM412PY?tag=pcpapi-20&linkCode=ogi&th=1&psc=1","$","amazon","694.9","In stock","https://click.linksynergy.com/deeplink?id=8BacdVP0GFs&mid=44583&murl=https%3A%2F%2Fwww.newegg.com%2Fkingston-technology-corp-fury-beast-64gb-ddr5-6400-cas-latency-cl32-memory-black%2Fp%2FN82E16820242873%3Fitem%3DN82E16820242873","$","newegg","694.9",,,,,,"5","1","0%","0%","0%","0%","100%","32","Black","Non-ECC / Unbuffered","10 ns","288-pin DIMM (DDR5)","Yes","Kingston",,"2 x 32GB","KF564C32BBEAK2-64",,,"$10.859","DDR5-6400",,"1.4 V",,"https://pcpartpicker.com/product/kTsV3C/kingston-fury-beast-rgb-64-gb-2-x-32-gb-ddr5-6400-cl32-memory-kf564c32bbeak2-64"
"Kingston HyperX Fury 16 GB (2 x 8 GB) DDR4-2666 CL16 Memory","Memory",,,,,,,,,,,,,,,,,"4.4","7","0%","0%","14%","29%","57%","16","Black","Non-ECC / Unbuffered","12.003 ns","288-pin DIMM (DDR4)","Yes","Kingston",,"2 x 8GB","HX426C16FB3K2/16",,,,"DDR4-2666",,"1.2 V",,"https://pcpartpicker.com/product/7YkgXL/kingston-hyperx-fury-16-gb-2-x-8-gb-ddr4-2666-cl16-memory-hx426c16fb3k216"
"Kingston FURY Beast RGB 32 GB (2 x 16 GB) DDR4-3600 CL18 Memory","Memory","278.7","In stock","https://www.awin1.com/cread.php?awinmid=91785&awinaffid=127079&ued=https%3A%2F%2Fwww.memoryc.com%2F59174-kingston-technology-fury-32gb-3600mt-s-ddr4-cl18-dimm-kit-of-2-beast-rgb.html","$","memoryc","278.7",,,,,,,,,,,"5","1","0%","0%","0%","0%","100%","18","Black","Non-ECC / Unbuffered","10 ns","288-pin DIMM (DDR4)","Yes","Kingston",,"2 x 16GB","KF436C18BB2AK2/32",,,"$8.712","DDR4-3600",,"1.35 V",,"https://pcpartpicker.com/product/bMdG3C/kingston-fury-beast-rgb-32-gb-2-x-16-gb-ddr4-3600-cl18-memory-kf436c18bb2ak232"
"Kingston FURY Beast RGB 32 GB (2 x 16 GB) DDR5-6400 CL32 Memory","Memory","369.9","In stock","https://click.linksynergy.com/deeplink?id=8BacdVP0GFs&mid=44583&murl=https%3A%2F%2Fwww.newegg.com%2Fkingston-technology-corp-fury-beast-32gb-ddr5-6400-cas-latency-cl32-memory-black%2Fp%2FN82E16820242869%3Fitem%3DN82E16820242869","$","newegg","369.9",,,,,,,,,,,"5","1","0%","0%","0%","0%","100%","32","Black","Non-ECC / Unbuffered","10 ns","288-pin DIMM (DDR5)","Yes","Kingston",,"2 x 16GB","KF564C32BBEAK2-32",,,"$11.562","DDR5-6400",,"1.4 V",,"https://pcpartpicker.com/product/Yr3NnQ/kingston-fury-beast-rgb-32-gb-2-x-16-gb-ddr5-6400-cl32-memory-kf564c32bbeak2-32"
"Kingston ValueRAM 4 GB (1 x 4 GB) DDR4-2666 CL19 Memory","Memory","14.9","In stock","https://www.amazon.com/dp/B07DQKJJJY?tag=pcpapi-20&linkCode=ogi&th=1&psc=1","$","amazon","14.9",,,,,,,,,,,,,,,,,,"19","Green / Black","Non-ECC / Unbuffered","14.254 ns","288-pin DIMM (DDR4)","No","Kingston",,"1 x 4GB","KVR26N19S6/4",,,"$3.748","DDR4-2666",,"1.2 V",,"https://pcpartpicker.com/product/PVmFf7/kingston-valueram-4-gb-1-x-4-gb-ddr4-2666-memory-kvr26n19s64"
"Kingston FURY Beast 32 GB (2 x 16 GB) DDR5-5600 CL40 Memory","Memory","388.8","Available soon","https://www.awin1.com/cread.php?awinmid=91785&awinaffid=127079&ued=https%3A%2F%2Fwww.memoryc.com%2F38687-32gb-kingston-technology-fury-beast-ddr5-5600mhz-dual-channel-kit-2x16gb.html","$","memoryc","388.8",,,,,,,,,,,"5","1","0%","0%","0%","0%","100%","40","Black","Non-ECC / Unbuffered","14.286 ns","288-pin DIMM (DDR5)","Yes","Kingston",,"2 x 16GB","KF556C40BBK2-32",,,"$12.151","DDR5-5600",,"1.25 V",,"https://pcpartpicker.com/product/4TfnTW/kingston-fury-beast-32-gb-2-x-16-gb-ddr5-5600-cl40-memory-kf556c40bbk2-32"
"Kingston FURY Beast 16 GB (2 x 8 GB) DDR5-5600 CL36 Memory","Memory","177.9","In stock","https://click.linksynergy.com/deeplink?id=8BacdVP0GFs&mid=44583&murl=https%3A%2F%2Fwww.newegg.com%2Fkingston-technology-corp-kingston-fury-16gb-ddr5-5600-cas-latency-cl36-memory-black%2Fp%2F0RN-001J-014H8%3Fitem%3D0RN-001J-014H8","$","newegg","177.9","In stock","https://www.awin1.com/cread.php?awinmid=91785&awinaffid=127079&ued=https%3A%2F%2Fwww.memoryc.com%2F62291-kingston-technology-fury-16gb-5600mt-s-ddr5-cl36-dimm-kit-of-2-beast-black-expo.html","$","memoryc","203.4",,,,,,"4","2","0%","0%","50%","0%","50%","36","Black / Silver","Non-ECC / Unbuffered","12.857 ns","288-pin DIMM (DDR5)","Yes","Kingston",,"2 x 8GB","KF556C36BBEK2-16",,,"$11.124","DDR5-5600",,"1.25 V",,"https://pcpartpicker.com/product/Z99wrH/kingston-fury-beast-16-gb-2-x-8-gb-ddr5-5600-cl36-memory-kf556c36bbek2-16"
"Kingston FURY Beast 32 GB (2 x 16 GB) DDR5-6000 CL30 Memory","Memory",,,,,,,,,,,,,,,,,"5","3","0%","0%","0%","0%","100%","30","Black","Non-ECC / Unbuffered","10 ns","288-pin DIMM (DDR5)","Yes","Kingston",,"2 x 16GB","KF560C30BBK2-32",,,,"DDR5-6000",,"1.4 V",,"https://pcpartpicker.com/product/t4bRsY/kingston-fury-beast-32-gb-2-x-16-gb-ddr5-6000-cl30-memory-kf560c30bbk2-32"
"Kingston HyperX Fury 16 GB (2 x 8 GB) DDR4-3200 CL16 Memory","Memory",,,,,,,,,,,,,,,,,"4.7","37","0%","3%","0%","21%","76%","16","Black / Silver","Non-ECC / Unbuffered","10 ns","288-pin DIMM (DDR4)","Yes","Kingston",,"2 x 8GB","HX432C16FB3K2/16",,,,"DDR4-3200",,"1.35 V",,"https://pcpartpicker.com/product/QBrYcf/kingston-hyperx-fury-16-gb-2-x-8-gb-ddr4-3200-memory-hx432c16fb3k216"
"Kingston FURY Beast 32 GB (2 x 16 GB) DDR5-6000 CL36 Memory","Memory","309.9","In stock","https://www.amazon.com/dp/B0DCKBGBTP?tag=pcpapi-20&linkCode=ogi&th=1&psc=1","$","amazon","309.9",,,,,,,,,,,,,,,,,,"36","Black","Non-ECC / Unbuffered","12 ns","288-pin DIMM (DDR5)","Yes","Kingston",,"2 x 16GB","KF560C36BBE2K2-32",,,"$9.686","DDR5-6000",,"1.35 V",,"https://pcpartpicker.com/product/q4vscf/kingston-fury-beast-32-gb-2-x-16-gb-ddr5-6000-cl36-memory-kf560c36bbe2k2-32"
"Kingston HyperX Fury 8 GB (1 x 8 GB) DDR4-2666 CL16 Memory","Memory",,,,,,,,,,,,,,,,,"5","2","0%","0%","0%","0%","100%","16","Black","Non-ECC / Unbuffered","12.003 ns","288-pin DIMM (DDR4)","Yes","Kingston",,"1 x 8GB","HX426C16FB3/8",,,,"DDR4-2666",,"1.2 V",,"https://pcpartpicker.com/product/Fb7p99/kingston-hyperx-fury-8-gb-1-x-8-gb-ddr4-2666-cl16-memory-hx426c16fb38"
"Kingston FURY Beast 64 GB (2 x 32 GB) DDR5-6000 CL40 Memory","Memory","449.9","In stock","https://www.amazon.com/dp/B0BRTJ1XSM?tag=pcpapi-20&linkCode=ogi&th=1&psc=1","$","amazon","449.9",,,,,,,,,,,,,,,,,,"40","Black","Non-ECC / Unbuffered","13.333 ns","288-pin DIMM (DDR5)","Yes","Kingston",,"2 x 32GB","KF560C40BBK2-64",,,"$7.031","DDR5-6000",,"1.35 V",,"https://pcpartpicker.com/product/MzYRsY/kingston-fury-beast-64-gb-2-x-32-gb-ddr5-6000-cl40-memory-kf560c40bbk2-64"
"Kingston FURY Beast 64 GB (2 x 32 GB) DDR5-6000 CL30 Memory","Memory","659.9","In stock","https://click.linksynergy.com/deeplink?id=8BacdVP0GFs&mid=44583&murl=https%3A%2F%2Fwww.newegg.com%2Fkingston-technology-corp-fury-beast-64gb-ddr5-6000-cas-latency-cl30-memory-white%2Fp%2FN82E16820242866%3Fitem%3DN82E16820242866","$","newegg","659.9",,,,,,,,,,,"5","3","0%","0%","0%","0%","100%","30","White","Non-ECC / Unbuffered","10 ns","288-pin DIMM (DDR5)","Yes","Kingston",,"2 x 32GB","KF560C30BWEK2-64",,,"$10.312","DDR5-6000",,"1.4 V",,"https://pcpartpicker.com/product/RMkH99/kingston-fury-beast-64-gb-2-x-32-gb-ddr5-6000-cl30-memory-kf560c30bwek2-64"
"Kingston FURY Beast 64 GB (2 x 32 GB) DDR5-6400 CL32 Memory","Memory","653.2","In stock","https://www.amazon.com/dp/B0CYH8MD2Y?tag=pcpapi-20&linkCode=ogi&th=1&psc=1","$","amazon","653.2","In stock","https://www.awin1.com/cread.php?awinmid=91785&awinaffid=127079&ued=https%3A%2F%2Fwww.memoryc.com%2F64110-kingston-technology-fury-beast-64gb-6400mt-s-ddr5-cl32-dimm-kit-of-2-black-expo.html","$","memoryc","661.2","In stock","https://click.linksynergy.com/deeplink?id=8BacdVP0GFs&mid=44583&murl=https%3A%2F%2Fwww.newegg.com%2Fkingston-technology-corp-fury-beast-64gb-ddr5-6400-cas-latency-cl32-memory-black%2Fp%2FN82E16820242872%3Fitem%3DN82E16820242872","$","newegg","677.9","5","1","0%","0%","0%","0%","100%","32","Black","Non-ECC / Unbuffered","10 ns","288-pin DIMM (DDR5)","Yes","Kingston",,"2 x 32GB","KF564C32BBEK2-64",,,"$10.207","DDR5-6400",,"1.4 V",,"https://pcpartpicker.com/product/pbWJ7P/kingston-fury-beast-64-gb-2-x-32-gb-ddr5-6400-cl32-memory-kf564c32bbek2-64"
"Kingston FURY Beast RGB 32 GB (1 x 32 GB) DDR5-6000 CL30 Memory","Memory",,,,,,,,,,,,,,,,,,,,,,,,"30","Black","Non-ECC / Unbuffered","10 ns","288-pin DIMM (DDR5)","Yes","Kingston",,"1 x 32GB","KF560C30BBEA-32",,,,"DDR5-6000",,"1.4 V",,"https://pcpartpicker.com/product/YwsV3C/kingston-fury-beast-rgb-32-gb-1-x-32-gb-ddr5-6000-cl30-memory-kf560c30bbea-32"
"Kingston ValueRAM 4 GB (1 x 4 GB) DDR4-3200 CL22 Memory","Memory","28.6","In stock","https://www.amazon.com/dp/B07V2CDSY3?tag=pcpapi-20&linkCode=ogi&th=1&psc=1","$","amazon","28.6","Available soon","https://www.awin1.com/cread.php?awinmid=91785&awinaffid=127079&ued=https%3A%2F%2Fwww.memoryc.com%2F28416-4gb-kingston-valueram-ddr4-3200mhz-pc4-25600-cl22-1-2v-memory-module.html","$","memoryc","57.4",,,,,,,,,,,,,"22","Green","Non-ECC / Unbuffered","13.75 ns","288-pin DIMM (DDR4)","No","Kingston",,"1 x 4GB","KVR32N22S6/4",,,"$7.173","DDR4-3200",,"1.2 V",,"https://pcpartpicker.com/product/KdzFf7/kingston-valueram-4-gb-1-x-4-gb-ddr4-3200-cl22-memory-kvr32n22s64"
"Kingston FURY Beast 16 GB (2 x 8 GB) DDR5-5200 CL36 Memory","Memory",,,,,,,,,,,,,,,,,,,,,,,,"36","Black / Silver","Non-ECC / Unbuffered","13.846 ns","288-pin DIMM (DDR5)","Yes","Kingston",,"2 x 8GB","KF552C36BBEK2-16",,,,"DDR5-5200",,"1.25 V",,"https://pcpartpicker.com/product/NBmNnQ/kingston-fury-beast-16-gb-2-x-8-gb-ddr5-5200-cl36-memory-kf552c36bbek2-16"
"Kingston FURY Beast RGB 64 GB (2 x 32 GB) DDR5-6000 CL36 Memory","Memory","599.9","In stock","https://www.amazon.com/dp/B0BRTJDWYD?tag=pcpapi-20&linkCode=ogi&th=1&psc=1","$","amazon","599.9","In stock","https://click.linksynergy.com/deeplink?id=8BacdVP0GFs&mid=44583&murl=https%3A%2F%2Fwww.newegg.com%2Fkingston-technology-corp-fury-beast-64gb-ddr5-6000-cas-latency-cl36-memory-black%2Fp%2FN82E16820242768%3Fitem%3DN82E16820242768","$","newegg","639.9",,,,,,"4.2","4","0%","25%","0%","0%","75%","36","Black","Non-ECC / Unbuffered","12 ns","288-pin DIMM (DDR5)","Yes","Kingston",,"2 x 32GB","KF560C36BBEAK2-64",,,"$9.375","DDR5-6000",,"1.35 V",,"https://pcpartpicker.com/product/yyXV3C/kingston-fury-beast-rgb-64-gb-2-x-32-gb-ddr5-6000-cl36-memory-kf560c36bbeak2-64"
"Kingston FURY Beast 64 GB (2 x 32 GB) DDR5-5600 CL40 Memory","Memory","549.5","In stock","https://www.amazon.com/dp/B09T8TH7PG?tag=pcpapi-20&linkCode=ogi&th=1&psc=1","$","amazon","549.5","In stock","https://click.linksynergy.com/deeplink?id=8BacdVP0GFs&mid=44583&murl=https%3A%2F%2Fwww.newegg.com%2Fkingston-technology-corp-64gb-ddr5-5600-cas-latency-cl40-memory-black%2Fp%2F0RN-001J-013M9%3Fitem%3D0RN-001J-013M9","$","newegg","614.9","Available soon","https://www.awin1.com/cread.php?awinmid=91785&awinaffid=127079&ued=https%3A%2F%2Fwww.memoryc.com%2F39373-64gb-kingston-fury-beast-ddr5-5600mhz-cl40-dual-channel-kit-2-x-32gb.html","$","memoryc","627.2","4.7","3","0%","0%","0%","33%","67%","40","Black","Non-ECC / Unbuffered","14.286 ns","288-pin DIMM (DDR5)","Yes","Kingston",,"2 x 32GB","KF556C40BBK2-64",,,"$8.587","DDR5-5600",,"1.25 V",,"https://pcpartpicker.com/product/4jxRsY/kingston-fury-beast-64-gb-2-x-32-gb-ddr5-5600-cl40-memory-kf556c40bbk2-64"
"Kingston FURY Beast 32 GB (2 x 16 GB) DDR5-5600 CL36 Memory","Memory","209.9","In stock","https://www.amazon.com/dp/B0BD5PN65B?tag=pcpapi-20&linkCode=ogi&th=1&psc=1","$","amazon","209.9","Available soon","https://www.awin1.com/cread.php?awinmid=91785&awinaffid=127079&ued=https%3A%2F%2Fwww.memoryc.com%2F42654-32gb-kingston-technology-fury-beast-ddr5-5600mhz-cl36-dual-memory-kit-2-x-16gb.html","$","memoryc","255.2","Out of stock","https://click.linksynergy.com/deeplink?id=8BacdVP0GFs&mid=44583&murl=https%3A%2F%2Fwww.newegg.com%2Fkingston-technology-corp-fury-beast-32gb-ddr5-5600-cas-latency-cl36-memory-black%2Fp%2FN82E16820242741%3Fitem%3DN82E16820242741","$","newegg","309.9","4.8","8","0%","0%","0%","25%","75%","36","Black","Non-ECC / Unbuffered","12.857 ns","288-pin DIMM (DDR5)","Yes","Kingston",,"2 x 16GB","KF556C36BBEK2-32",,,"$6.562","DDR5-5600",,"1.25 V",,"https://pcpartpicker.com/product/qs92FT/kingston-fury-beast-32-gb-2-x-16-gb-ddr5-5600-cl36-memory-kf556c36bbek2-32"
"Kingston FURY Beast 16 GB (2 x 8 GB) DDR5-6000 CL30 Memory","Memory",,,,,,,,,,,,,,,,,"2","1","0%","100%","0%","0%","0%","30","Black","Non-ECC / Unbuffered","10 ns","288-pin DIMM (DDR5)","Yes","Kingston",,"2 x 8GB","KF560C30BBK2-16",,,,"DDR5-6000",,"1.4 V",,"https://pcpartpicker.com/product/JRWJ7P/kingston-fury-beast-16-gb-2-x-8-gb-ddr5-6000-cl30-memory-kf560c30bbk2-16"
"Kingston FURY Renegade 32 GB (2 x 16 GB) DDR5-6000 CL32 Memory","Memory",,,,,,,,,,,,,,,,,"5","2","0%","0%","0%","0%","100%","32","Silver / Black","Non-ECC / Unbuffered","10.667 ns","288-pin DIMM (DDR5)","Yes","Kingston",,"2 x 16GB","KF560C32RSK2-32",,,,"DDR5-6000",,"1.35 V",,"https://pcpartpicker.com/product/cY3gXL/kingston-fury-renegade-32-gb-2-x-16-gb-ddr5-6000-cl32-memory-kf560c32rsk2-32"
"Kingston FURY Beast 64 GB (2 x 32 GB) DDR5-5600 CL36 Memory","Memory","585.5","In stock","https://www.awin1.com/cread.php?awinmid=91785&awinaffid=127079&ued=https%3A%2F%2Fwww.memoryc.com%2F63115-kingston-technology-fury-beast-64gb-5600mt-s-ddr5-cl36-dimm-kit-of-2-black-expo.html","$","memoryc","585.5","Out of stock","https://click.linksynergy.com/deeplink?id=8BacdVP0GFs&mid=44583&murl=https%3A%2F%2Fwww.newegg.com%2Fkingston-technology-corp-fury-beast-64gb-ddr5-5600-cas-latency-cl36-memory-black%2Fp%2FN82E16820242767%3Fitem%3DN82E16820242767","$","newegg","619.9",,,,,,"5","2","0%","0%","0%","0%","100%","36","Black","Non-ECC / Unbuffered","12.857 ns","288-pin DIMM (DDR5)","Yes","Kingston",,"2 x 32GB","KF556C36BBEK2-64",,,"$9.149","DDR5-5600",,"1.25 V",,"https://pcpartpicker.com/product/jx6NnQ/kingston-fury-beast-64-gb-2-x-32-gb-ddr5-5600-cl36-memory-kf556c36bbek2-64"
"Kingston KHX8500D2K2/4GR 4 GB (2 x 2 GB) DDR2-1066 CL5 Memory","Memory",,,,,,,,,,,,,,,,,,,,,,,,"5","Blue","Non-ECC / Unbuffered","9.381 ns","240-pin DIMM (DDR2)","Yes","Kingston","KHX8500D2K2/4GR","2 x 2GB","KHX8500D2K2/4G",,,,"DDR2-1066","5-5-5-15","2.2 V",,"https://pcpartpicker.com/product/xfBv6h/kingston-hyperx-4gb-2-x-2gb-ddr2-1066-memory-khx8500d2k24g"
"Kingston FURY Beast 16 GB (1 x 16 GB) DDR4-3733 CL19 Memory","Memory","76.2","In stock","https://www.amazon.com/dp/B097K4B7VY?tag=pcpapi-20&linkCode=ogi&th=1&psc=1","$","amazon","76.2",,,,,,,,,,,,,,,,,,"19","Black","Non-ECC / Unbuffered","10.179 ns","288-pin DIMM (DDR4)","Yes","Kingston",,"1 x 16GB","KF437C19BB1/16",,,"$4.764","DDR4-3733",,"1.35 V",,"https://pcpartpicker.com/product/BHmmP6/kingston-fury-beast-16-gb-1-x-16-gb-ddr4-3733-cl19-memory-kf437c19bb116"
"Kingston HyperX Fury 16 GB (2 x 8 GB) DDR3-1866 CL10 Memory","Memory",,,,,,,,,,,,,,,,,"4.9","53","0%","0%","0%","8%","92%","10","Black / Silver","Non-ECC / Unbuffered","10.718 ns","240-pin DIMM (DDR3)","Yes","Kingston",,"2 x 8GB","HX318C10FBK2/16",,,,"DDR3-1866",,"1.5 V",,"https://pcpartpicker.com/product/CtV48d/kingston-memory-hx318c10fbk216"
"Kingston ValueRAM 8 GB (1 x 8 GB) DDR4-3200 CL22 Memory","Memory","45.4","In stock","https://www.amazon.com/dp/B07V4JD9SV?tag=pcpapi-20&linkCode=ogi&th=1&psc=1","$","amazon","45.4","Available soon","https://www.awin1.com/cread.php?awinmid=91785&awinaffid=127079&ued=https%3A%2F%2Fwww.memoryc.com%2F28421-8gb-kingston-ddr4-3200mhz-cl22-memory-module.html","$","memoryc","56.4",,,,,,,,,,,,,"22",,"Non-ECC / Unbuffered","13.75 ns","288-pin DIMM (DDR4)","No","Kingston",,"1 x 8GB","KVR32N22S8/8",,,"$5.686","DDR4-3200",,"1.2 V",,"https://pcpartpicker.com/product/CtJgXL/kingston-valueram-8-gb-1-x-8-gb-ddr4-3200-cl22-memory-kvr32n22s88"
"Kingston FURY Beast RGB 16 GB (2 x 8 GB) DDR5-6000 CL30 Memory","Memory",,,,,,,,,,,,,,,,,,,,,,,,"30","Black","Non-ECC / Unbuffered","10 ns","288-pin DIMM (DDR5)","Yes","Kingston",,"2 x 8GB","KF560C30BBAK2-16",,,,"DDR5-6000",,"1.4 V",,"https://pcpartpicker.com/product/zWhv6h/kingston-fury-beast-rgb-16-gb-2-x-8-gb-ddr5-6000-cl30-memory-kf560c30bbak2-16"
"Kingston FURY Beast 64 GB (2 x 32 GB) DDR5-6400 CL32 Memory","Memory","909.9","In stock","https://www.amazon.com/dp/B0CYHC2TWW?tag=pcpapi-20&linkCode=ogi&th=1&psc=1","$","amazon","909.9",,,,,,,,,,,,,,,,,,"32","White","Non-ECC / Unbuffered","10 ns","288-pin DIMM (DDR5)","Yes","Kingston",,"2 x 32GB","KF564C32BWEK2-64",,,"$14.217","DDR5-6400",,"1.4 V",,"https://pcpartpicker.com/product/tJjRsY/kingston-fury-beast-64-gb-2-x-32-gb-ddr5-6400-cl32-memory-kf564c32bwek2-64"
"Kingston ValueRAM 4 GB (2 x 2 GB) DDR2-800 CL6 Memory","Memory","32.2","In stock","https://www.amazon.com/dp/B0012Y0QV6?tag=pcpapi-20&linkCode=ogi&th=1&psc=1","$","amazon","32.2",,,,,,,,,,,"4.3","3","0%","0%","33%","0%","67%","6","Green","Non-ECC / Unbuffered","15 ns","240-pin DIMM (DDR2)","No","Kingston",,"2 x 2GB","KVR800D2N6K2/4G",,,"$8.055","DDR2-800",,"1.8 V",,"https://pcpartpicker.com/product/G3DwrH/kingston-memory-kvr800d2n6k24g"
"Kingston FURY Beast RGB 16 GB (1 x 16 GB) DDR5-5200 CL36 Memory","Memory",,,,,,,,,,,,,,,,,,,,,,,,"36","Black","Non-ECC / Unbuffered","13.846 ns","288-pin DIMM (DDR5)","Yes","Kingston",,"1 x 16GB","KF552C36BBEA-16",,,,"DDR5-5200",,"1.25 V",,"https://pcpartpicker.com/product/HmYmP6/kingston-fury-beast-rgb-16-gb-1-x-16-gb-ddr5-5200-cl36-memory-kf552c36bbea-16"
"Kingston FURY Beast 32 GB (1 x 32 GB) DDR5-6000 CL36 Memory","Memory","304.9","In stock","https://www.amazon.com/dp/B0BRTJNW88?tag=pcpapi-20&linkCode=ogi&th=1&psc=1","$","amazon","304.9",,,,,,,,,,,,,,,,,,"36","Black / Silver","Non-ECC / Unbuffered","12 ns","288-pin DIMM (DDR5)","Yes","Kingston",,"1 x 32GB","KF560C36BBE-32",,,"$9.531","DDR5-6000",,"1.35 V",,"https://pcpartpicker.com/product/4YJp99/kingston-fury-beast-32-gb-1-x-32-gb-ddr5-6000-cl36-memory-kf560c36bbe-32"
"Kingston FURY Beast 32 GB (2 x 16 GB) DDR5-6400 CL32 Memory","Memory",,,,,,,,,,,,,,,,,"5","1","0%","0%","0%","0%","100%","32","White","Non-ECC / Unbuffered","10 ns","288-pin DIMM (DDR5)","Yes","Kingston",,"2 x 16GB","KF564C32BWEK2-32",,,,"DDR5-6400",,"1.4 V",,"https://pcpartpicker.com/product/XH6NnQ/kingston-fury-beast-32-gb-2-x-16-gb-ddr5-6400-cl32-memory-kf564c32bwek2-32"
"Kingston FURY Beast RGB 32 GB (2 x 16 GB) DDR4-3200 CL16 Memory","Memory",,,,,,,,,,,,,,,,,"4.6","5","0%","0%","0%","40%","60%","16","Black","Non-ECC / Unbuffered","10 ns","288-pin DIMM (DDR4)","Yes","Kingston",,"2 x 16GB","KF432C16BBAK2/32",,,,"DDR4-3200",,"1.35 V",,"https://pcpartpicker.com/product/WrQcCJ/kingston-fury-beast-rgb-32-gb-2-x-16-gb-ddr4-3200-cl16-memory-kf432c16bbak232"
"Kingston FURY Beast 32 GB (1 x 32 GB) DDR5-5200 CL40 Memory","Memory",,,,,,,,,,,,,,,,,,,,,,,,"40","Black","Non-ECC / Unbuffered","15.385 ns","288-pin DIMM (DDR5)","Yes","Kingston",,"1 x 32GB","KF552C40BB-32",,,,"DDR5-5200",,"1.25 V",,"https://pcpartpicker.com/product/XDLFf7/kingston-fury-beast-32-gb-1-x-32-gb-ddr5-5200-cl40-memory-kf552c40bb-32"
"Kingston FURY Beast RGB 32 GB (1 x 32 GB) DDR5-6000 CL36 Memory","Memory",,,,,,,,,,,,,,,,,,,,,,,,"36","Black","Non-ECC / Unbuffered","12 ns","288-pin DIMM (DDR5)","Yes","Kingston",,"1 x 32GB","KF560C36BBEA-32",,,,"DDR5-6000",,"1.35 V",,"https://pcpartpicker.com/product/fnQKHx/kingston-fury-beast-rgb-32-gb-1-x-32-gb-ddr5-6000-cl36-memory-kf560c36bbea-32"
"Kingston FURY Beast 32 GB (1 x 32 GB) DDR5-6000 CL30 Memory","Memory",,,,,,,,,,,,,,,,,,,,,,,,"30","Black","Non-ECC / Unbuffered","10 ns","288-pin DIMM (DDR5)","Yes","Kingston",,"1 x 32GB","KF560C30BB-32",,,,"DDR5-6000",,"1.4 V",,"https://pcpartpicker.com/product/XF26Mp/kingston-fury-beast-32-gb-1-x-32-gb-ddr5-6000-cl30-memory-kf560c30bb-32"
"Kingston FURY Renegade 32 GB (2 x 16 GB) DDR5-7200 CL38 Memory","Memory","218.6","In stock","https://www.amazon.com/dp/B0BMQTXZ3Q?tag=pcpapi-20&linkCode=ogi&th=1&psc=1","$","amazon","218.6","Available soon","https://www.awin1.com/cread.php?awinmid=91785&awinaffid=127079&ued=https%3A%2F%2Fwww.memoryc.com%2F43004-32gb-kingston-technology-fury-renegade-7200mhz-ddr5-cl38-dual-memory-kit-2-x-16gb.html","$","memoryc","323.1",,,,,,,,,,,,,"38","Silver / Black","Non-ECC / Unbuffered","10.556 ns","288-pin DIMM (DDR5)","Yes","Kingston",,"2 x 16GB","KF572C38RSK2-32",,,"$6.832","DDR5-7200",,"1.45 V",,"https://pcpartpicker.com/product/VYcgXL/kingston-fury-renegade-32-gb-2-x-16-gb-ddr5-7200-cl38-memory-kf572c38rsk2-32"
"Kingston ValueRAM 1 GB (1 x 1 GB) DDR2-667 CL5 Memory","Memory","11.9","In stock","https://www.amazon.com/dp/B000S6E0XY?tag=pcpapi-20&linkCode=ogi&th=1&psc=1","$","amazon","11.9",,,,,,,,,,,"4","1","0%","0%","0%","100%","0%","5","Green","Non-ECC / Unbuffered","14.993 ns","240-pin DIMM (DDR2)","No","Kingston",,"1 x 1GB","KVR667D2/1GR",,,"$11.950","DDR2-667",,"1.8 V",,"https://pcpartpicker.com/product/j4W9TW/kingston-memory-kvr667d21gr"
"Kingston FURY Beast 8 GB (1 x 8 GB) DDR5-5200 CL40 Memory","Memory","76","In stock","https://www.amazon.com/dp/B09T94VYW4?tag=pcpapi-20&linkCode=ogi&th=1&psc=1","$","amazon","76","Available soon","https://www.awin1.com/cread.php?awinmid=91785&awinaffid=127079&ued=https%3A%2F%2Fwww.memoryc.com%2F39380-8gb-kingston-fury-beast-ddr5-5200mhz-cl40-memory-module-1-x-8gb.html","$","memoryc","106.6",,,,,,,,,,,,,"40","Black","Non-ECC / Unbuffered","15.385 ns","288-pin DIMM (DDR5)","Yes","Kingston",,"1 x 8GB","KF552C40BB-8",,,"$9.506","DDR5-5200",,"1.25 V",,"https://pcpartpicker.com/product/w4fnTW/kingston-fury-beast-8-gb-1-x-8-gb-ddr5-5200-cl40-memory-kf552c40bb-8"
"Kingston ValueRAM 1 GB (1 x 1 GB) DDR2-667 CL5 Memory","Memory","14.8","In stock","https://www.amazon.com/dp/B0009JR82U?tag=pcpapi-20&linkCode=ogi&th=1&psc=1","$","amazon","14.8",,,,,,,,,,,,,,,,,,"5","Green","Non-ECC / Unbuffered","14.993 ns","240-pin DIMM (DDR2)","No","Kingston",,"1 x 1GB","KVR667D2N5/1G",,,"$14.800","DDR2-667",,"1.8 V",,"https://pcpartpicker.com/product/ZxMFf7/kingston-memory-kvr667d2n51g"
"Kingston FURY Beast RGB 64 GB (2 x 32 GB) DDR5-6400 CL32 Memory","Memory","694.9","In stock","https://click.linksynergy.com/deeplink?id=8BacdVP0GFs&mid=44583&murl=https%3A%2F%2Fwww.newegg.com%2Fkingston-technology-corp-fury-beast-64gb-ddr5-6400-cas-latency-cl32-memory-white%2Fp%2FN82E16820242875%3Fitem%3DN82E16820242875","$","newegg","694.9","In stock","https://www.amazon.com/dp/B0CYM5PQ2D?tag=pcpapi-20&linkCode=ogi&th=1&psc=1","$","amazon","728.8",,,,,,"5","1","0%","0%","0%","0%","100%","32","White","Non-ECC / Unbuffered","10 ns","288-pin DIMM (DDR5)","Yes","Kingston",,"2 x 32GB","KF564C32BWEAK2-64",,,"$10.859","DDR5-6400",,"1.4 V",,"https://pcpartpicker.com/product/NNRwrH/kingston-fury-beast-rgb-64-gb-2-x-32-gb-ddr5-6400-cl32-memory-kf564c32bweak2-64"
"Kingston KTD-PE421/8G 8 GB (1 x 8 GB) Registered DDR4-2133 CL15 Memory","Memory","23.4","In stock","https://www.amazon.com/dp/B00OPTUPWK?tag=pcpapi-20&linkCode=ogi&th=1&psc=1","$","amazon","23.4",,,,,,,,,,,,,,,,,,"15","Green","ECC / Registered","14.065 ns","288-pin DIMM (DDR4)","No","Kingston",,"1 x 8GB","KTD-PE421/8G",,,"$2.931","DDR4-2133",,"1.2 V",,"https://pcpartpicker.com/product/qxrcCJ/kingston-memory-ktdpe4218g"
"Kingston Fury Renegade RGB 96 GB (2 x 48 GB) DDR5-6000 CL32 Memory","Memory","639.9","Out of stock","https://click.linksynergy.com/deeplink?id=8BacdVP0GFs&mid=44583&murl=https%3A%2F%2Fwww.newegg.com%2Fkingston-technology-corp-fury-renegade-96gb-ddr5-6000-cas-latency-cl32-memory-silver-black%2Fp%2FN82E16820242825%3Fitem%3DN82E16820242825","$","newegg","639.9",,,,,,,,,,,,,,,,,,"32","Silver / Black","Non-ECC / Unbuffered","10.667 ns","288-pin DIMM (DDR5)","Yes","Kingston",,"2 x 48GB","KF560C32RSAK2-96",,,"$6.667","DDR5-6000",,"1.35 V",,"https://pcpartpicker.com/product/FmTZxr/kingston-fury-renegade-rgb-96-gb-2-x-48-gb-ddr5-6000-cl32-memory-kf560c32rsak2-96"
"Kingston FURY Beast RGB 64 GB (2 x 32 GB) DDR5-5600 CL36 Memory","Memory","586.7","In stock","https://www.amazon.com/dp/B0BRTHRY3F?tag=pcpapi-20&linkCode=ogi&th=1&psc=1","$","amazon","586.7","In stock","https://click.linksynergy.com/deeplink?id=8BacdVP0GFs&mid=44583&murl=https%3A%2F%2Fwww.newegg.com%2Fkingston-technology-corp-fury-beast-64gb-ddr5-5600-cas-latency-cl36-desktop-memory-black%2Fp%2FN82E16820242769%3Fitem%3DN82E16820242769","$","newegg","629.9",,,,,,,,,,,,,"36","Black","Non-ECC / Unbuffered","12.857 ns","288-pin DIMM (DDR5)","Yes","Kingston",,"2 x 32GB","KF556C36BBEAK2-64",,,"$9.169","DDR5-5600",,"1.25 V",,"https://pcpartpicker.com/product/Chgrxr/kingston-fury-beast-rgb-64-gb-2-x-32-gb-ddr5-5600-cl36-memory-kf556c36bbeak2-64"
"Kingston FURY Beast RGB 16 GB (2 x 8 GB) DDR4-3200 CL16 Memory","Memory",,,,,,,,,,,,,,,,,"4.9","7","0%","0%","0%","14%","86%","16","Black","Non-ECC / Unbuffered","10 ns","288-pin DIMM (DDR4)","Yes","Kingston",,"2 x 8GB",,"KF432C16BBAK216","KF432C16BBAK2/16",,"DDR4-3200",,"1.35 V",,"https://pcpartpicker.com/product/D62WGX/kingston-fury-beast-rgb-16-gb-2-x-8-gb-ddr4-3200-cl16-memory-kf432c16bbak216"
"Kingston HyperX Fury 16 GB (1 x 16 GB) DDR4-2666 CL16 Memory","Memory",,,,,,,,,,,,,,,,,"4.5","2","0%","0%","0%","50%","50%","16","Black","Non-ECC / Unbuffered","12.003 ns","288-pin DIMM (DDR4)","Yes","Kingston",,"1 x 16GB","HX426C16FB3/16",,,,"DDR4-2666",,"1.2 V",,"https://pcpartpicker.com/product/3Pwkcf/kingston-hyperx-fury-16-gb-1-x-16-gb-ddr4-2666-cl16-memory-hx426c16fb316"
"Kingston ValueRAM 32 GB (1 x 32 GB) DDR4-2666 CL19 Memory","Memory",,,,,,,,,,,,,,,,,"4","1","0%","0%","0%","100%","0%","19","Green","Non-ECC / Unbuffered","14.254 ns","288-pin DIMM (DDR4)","No","Kingston",,"1 x 32GB","KVR26N19D832",,,,"DDR4-2666",,"1.2 V",,"https://pcpartpicker.com/product/vnH7YJ/kingston-valueram-32-gb-1-x-32-gb-ddr4-2666-cl19-memory-kvr26n19d832"
"Kingston FURY Beast 32 GB (2 x 16 GB) DDR5-4800 CL38 Memory","Memory",,,,,,,,,,,,,,,,,"4.6","5","0%","0%","0%","40%","60%","38","Black / Silver","Non-ECC / Unbuffered","15.833 ns","288-pin DIMM (DDR5)","Yes","Kingston",,"2 x 16GB","KF548C38BBK2-32",,,,"DDR5-4800",,"1.1 V",,"https://pcpartpicker.com/product/HPYmP6/kingston-fury-beast-32-gb-2-x-16-gb-ddr5-4800-cl38-memory-kf548c38bbk2-32"
"Kingston ValueRAM 8 GB (1 x 8 GB) DDR4-2400 CL17 Memory","Memory","46.6","In stock","https://www.amazon.com/dp/B01GCWQGIY?tag=pcpapi-20&linkCode=ogi&th=1&psc=1","$","amazon","46.6",,,,,,,,,,,"4.3","3","0%","0%","0%","67%","33%","17","Green","Non-ECC / Unbuffered","14.167 ns","288-pin DIMM (DDR4)","No","Kingston",,"1 x 8GB","KVR24N17S8/8",,,"$5.831","DDR4-2400",,"1.2 V",,"https://pcpartpicker.com/product/zjWfrH/kingston-valueram-8gb-1-x-8gb-ddr4-2400-memory-kvr24n17s88"
"Kingston FURY Renegade 32 GB (2 x 16 GB) DDR5-7200 CL38 Memory","Memory","279.9","In stock","https://click.linksynergy.com/deeplink?id=8BacdVP0GFs&mid=44583&murl=https%3A%2F%2Fwww.newegg.com%2Fkingston-technology-corp-fury-renegade-32gb-ddr5-7200-cas-latency-cl38-memory-silver-white%2Fp%2F0RM-001W-00716%3Fitem%3D0RM-001W-00716","$","newegg","279.9",,,,,,,,,,,"5","1","0%","0%","0%","0%","100%","38","White / Silver","Non-ECC / Unbuffered","10.556 ns","288-pin DIMM (DDR5)","Yes","Kingston",,"2 x 16GB","KF572C38RWAK2-32",,,"$8.750","DDR5-7200",,"1.45 V",,"https://pcpartpicker.com/product/NvjRsY/kingston-fury-renegade-32-gb-2-x-16-gb-ddr5-7200-cl38-memory-kf572c38rwak2-32"
"Kingston FURY Beast 64 GB (2 x 32 GB) DDR5-6000 CL30 Memory","Memory","499.9","Out of stock","https://click.linksynergy.com/deeplink?id=8BacdVP0GFs&mid=44583&murl=https%3A%2F%2Fwww.newegg.com%2Fkingston-technology-corp-fury-beast-64gb-ddr5-6000-cas-latency-cl30-memory-black%2Fp%2FN82E16820242864%3Fitem%3DN82E16820242864","$","newegg","499.9",,,,,,,,,,,"4.7","7","0%","0%","0%","29%","71%","30","Black","Non-ECC / Unbuffered","10 ns","288-pin DIMM (DDR5)","Yes","Kingston",,"2 x 32GB","KF560C30BBEK2-64",,,"$7.812","DDR5-6000",,"1.4 V",,"https://pcpartpicker.com/product/3jFmP6/kingston-fury-beast-64-gb-2-x-32-gb-ddr5-6000-cl30-memory-kf560c30bbek2-64"
"Kingston FURY Beast 16 GB (2 x 8 GB) DDR5-6000 CL36 Memory","Memory",,,,,,,,,,,,,,,,,"3.5","4","0%","0%","50%","50%","0%","36","Black / Silver","Non-ECC / Unbuffered","12 ns","288-pin DIMM (DDR5)","Yes","Kingston",,"2 x 8GB","KF560C36BBEK2-16",,,,"DDR5-6000",,"1.35 V",,"https://pcpartpicker.com/product/pVn9TW/kingston-fury-beast-16-gb-2-x-8-gb-ddr5-6000-cl36-memory-kf560c36bbek2-16"
"Kingston FURY Beast 64 GB (2 x 32 GB) DDR5-6000 CL36 Memory","Memory","610.6","Available soon","https://www.awin1.com/cread.php?awinmid=91785&awinaffid=127079&ued=https%3A%2F%2Fwww.memoryc.com%2F42658-64gb-kingston-technology-fury-beast-ddr5-6000mhz-cl36-dual-memory-kit-2-x-32gb.html","$","memoryc","610.6","Available soon","https://www.amazon.com/dp/B0BRTHYGZF?tag=pcpapi-20&linkCode=ogi&th=1&psc=1","$","amazon","629.9","In stock","https://click.linksynergy.com/deeplink?id=8BacdVP0GFs&mid=44583&murl=https%3A%2F%2Fwww.newegg.com%2Fkingston-technology-corp-fury-beast-64gb-ddr5-6000-cas-latency-cl36-memory-black%2Fp%2FN82E16820242770%3Fitem%3DN82E16820242770","$","newegg","629.9","5","2","0%","0%","0%","0%","100%","36","Black / Silver","Non-ECC / Unbuffered","12 ns","288-pin DIMM (DDR5)","Yes","Kingston",,"2 x 32GB","KF560C36BBEK2-64",,,"$9.542","DDR5-6000",,"1.35 V",,"https://pcpartpicker.com/product/8r6NnQ/kingston-fury-beast-64-gb-2-x-32-gb-ddr5-6000-cl36-memory-kf560c36bbek2-64"
"Kingston FURY 32 GB (1 x 32 GB) DDR5-5600 CL40 Memory","Memory",,,,,,,,,,,,,,,,,,,,,,,,"40","White","Non-ECC / Unbuffered","14.286 ns","288-pin DIMM (DDR5)","Yes","Kingston",,"1 x 32GB","KF556C40BWA-32",,,,"DDR5-5600",,"1.25 V",,"https://pcpartpicker.com/product/Q9cgXL/kingston-fury-32-gb-1-x-32-gb-ddr5-5600-cl40-memory-kf556c40bwa-32"
"Kingston FURY Beast RGB 16 GB (2 x 8 GB) DDR5-6000 CL36 Memory","Memory",,,,,,,,,,,,,,,,,"5","6","0%","0%","0%","0%","100%","36","Black","Non-ECC / Unbuffered","12 ns","288-pin DIMM (DDR5)","Yes","Kingston",,"2 x 8GB","KF560C36BBEAK2-16",,,,"DDR5-6000",,"1.35 V",,"https://pcpartpicker.com/product/nycgXL/kingston-fury-beast-rgb-16-gb-2-x-8-gb-ddr5-6000-cl36-memory-kf560c36bbeak2-16"
"Kingston FURY Beast 64 GB (2 x 32 GB) DDR4-3200 CL16 Memory","Memory","438.9","Available soon","https://www.awin1.com/cread.php?awinmid=91785&awinaffid=127079&ued=https%3A%2F%2Fwww.memoryc.com%2F36551-64gb-kingston-technology-fury-beast-3200mhz-ddr4-dual-memory-kit-2-x-32gb.html","$","memoryc","438.9","In stock","https://www.amazon.com/dp/B097K4DBDF?tag=pcpapi-20&linkCode=ogi&th=1&psc=1","$","amazon","441.4",,,,,,"5","1","0%","0%","0%","0%","100%","16","Black / Silver","Non-ECC / Unbuffered","10 ns","288-pin DIMM (DDR4)","Yes","Kingston",,"2 x 32GB","KF432C16BBK2/64",,,"$6.858","DDR4-3200",,"1.35 V",,"https://pcpartpicker.com/product/xkRYcf/kingston-fury-beast-64-gb-2-x-32-gb-ddr4-3200-cl16-memory-kf432c16bbk264"
"Kingston FURY Beast 16 GB (1 x 16 GB) DDR5-5600 CL40 Memory","Memory","109.9","In stock","https://www.amazon.com/dp/B09N5WSSQD?tag=pcpapi-20&linkCode=ogi&th=1&psc=1","$","amazon","109.9","Available soon","https://www.awin1.com/cread.php?awinmid=91785&awinaffid=127079&ued=https%3A%2F%2Fwww.memoryc.com%2F38686-16gb-kingston-technology-fury-beast-ddr5-5600mhz-memory-module-1x16gb.html","$","memoryc","208.3",,,,,,,,,,,,,"40","Black","Non-ECC / Unbuffered","14.286 ns","288-pin DIMM (DDR5)","Yes","Kingston",,"1 x 16GB","KF556C40BB-16",,,"$6.874","DDR5-5600",,"1.25 V",,"https://pcpartpicker.com/product/HCxRsY/kingston-fury-beast-16-gb-1-x-16-gb-ddr5-5600-cl40-memory-kf556c40bb-16"
"Kingston FURY Beast 16 GB (1 x 16 GB) DDR5-6000 CL30 Memory","Memory",,,,,,,,,,,,,,,,,"4.5","2","0%","0%","0%","50%","50%","30","Black","Non-ECC / Unbuffered","10 ns","288-pin DIMM (DDR5)","Yes","Kingston",,"1 x 16GB","KF560C30BB-16",,,,"DDR5-6000",,"1.4 V",,"https://pcpartpicker.com/product/ssGhP6/kingston-fury-beast-16-gb-1-x-16-gb-ddr5-6000-cl30-memory-kf560c30bb-16"
"Kingston FURY Beast RGB 32 GB (2 x 16 GB) DDR5-6000 CL36 Memory","Memory",,,,,,,,,,,,,,,,,"4.8","12","0%","0%","0%","25%","75%","36","Black","Non-ECC / Unbuffered","12 ns","288-pin DIMM (DDR5)","Yes","Kingston",,"2 x 16GB","KF560C36BBEAK2-32",,,,"DDR5-6000",,"1.35 V",,"https://pcpartpicker.com/product/F6Tp99/kingston-fury-beast-rgb-32-gb-2-x-16-gb-ddr5-6000-cl36-memory-kf560c36bbeak2-32"
"Kingston FURY Renegade 16 GB (2 x 8 GB) DDR4-3200 CL16 Memory","Memory",,,,,,,,,,,,,,,,,,,,,,,,"16","Black","Non-ECC / Unbuffered","10 ns","288-pin DIMM (DDR4)","Yes","Kingston",,"2 x 8GB","KF432C16RBK2/16",,,,"DDR4-3200",,"1.35 V",,"https://pcpartpicker.com/product/TdQcCJ/kingston-fury-renegade-16-gb-2-x-8-gb-ddr4-3200-cl16-memory-kf432c16rbk216"
"Kingston FURY Beast RGB 16 GB (1 x 16 GB) DDR5-5600 CL36 Memory","Memory","199.8","Available soon","https://www.awin1.com/cread.php?awinmid=91785&awinaffid=127079&ued=https%3A%2F%2Fwww.memoryc.com%2F41902-16gb-kingston-technology-fury-beast-rgb-ddr5-5600ghz-cl36-memory-module-1-x-16gb.html","$","memoryc","199.8",,,,,,,,,,,,,,,,,,"36","Black","Non-ECC / Unbuffered","12.857 ns","288-pin DIMM (DDR5)","Yes","Kingston",,"1 x 16GB","KF556C36BBEA-16",,,"$12.489","DDR5-5600",,"1.25 V",,"https://pcpartpicker.com/product/bbqPxr/kingston-fury-beast-rgb-16-gb-1-x-16-gb-ddr5-5600-cl36-memory-kf556c36bbea-16"
"Kingston FURY Renegade 16 GB (1 x 16 GB) DDR5-7200 CL38 Memory","Memory",,,,,,,,,,,,,,,,,,,,,,,,"38","Silver / Black","Non-ECC / Unbuffered","10.556 ns","288-pin DIMM (DDR5)","Yes","Kingston",,"1 x 16GB","KF572C38RS-16",,,,"DDR5-7200",,"1.45 V",,"https://pcpartpicker.com/product/KDC48d/kingston-fury-renegade-16-gb-1-x-16-gb-ddr5-7200-cl38-memory-kf572c38rs-16"
"Kingston FURY 64 GB (4 x 16 GB) DDR5-5600 CL40 Memory","Memory",,,,,,,,,,,,,,,,,,,,,,,,"40","White","Non-ECC / Unbuffered","14.286 ns","288-pin DIMM (DDR5)","Yes","Kingston",,"4 x 16GB","KF556C40BWAK4-64",,,,"DDR5-5600",,"1.25 V",,"https://pcpartpicker.com/product/gmDQzy/kingston-fury-64-gb-4-x-16-gb-ddr5-5600-cl40-memory-kf556c40bwak4-64"
"Kingston FURY Beast RGB 32 GB (1 x 32 GB) DDR5-6400 CL32 Memory","Memory",,,,,,,,,,,,,,,,,,,,,,,,"32","Black","Non-ECC / Unbuffered","10 ns","288-pin DIMM (DDR5)","Yes","Kingston",,"1 x 32GB","KF564C32BBEA-32",,,,"DDR5-6400",,"1.4 V",,"https://pcpartpicker.com/product/zMBzK8/kingston-fury-beast-rgb-32-gb-1-x-32-gb-ddr5-6400-cl32-memory-kf564c32bbea-32"
"Kingston FURY 128 GB (4 x 32 GB) DDR5-5200 CL40 Memory","Memory",,,,,,,,,,,,,,,,,,,,,,,,"40","White","Non-ECC / Unbuffered","15.385 ns","288-pin DIMM (DDR5)","Yes","Kingston",,"4 x 32GB","KF552C40BWAK4-128",,,,"DDR5-5200",,"1.25 V",,"https://pcpartpicker.com/product/7BLdnQ/kingston-fury-128-gb-4-x-32-gb-ddr5-5200-cl40-memory-kf552c40bwak4-128"
"Kingston HyperX Fury 16 GB (2 x 8 GB) DDR4-2133 CL14 Memory","Memory",,,,,,,,,,,,,,,,,"4.8","68","0%","0%","2%","16%","82%","14","Black / White","Non-ECC / Unbuffered","13.127 ns","288-pin DIMM (DDR4)","Yes","Kingston",,"2 x 8GB","HX421C14FBK2/16",,,,"DDR4-2133",,"1.2 V",,"https://pcpartpicker.com/product/xhM323/kingston-memory-hx421c14fbk216"
"Kingston FURY Renegade 96 GB (2 x 48 GB) DDR5-6000 CL32 Memory","Memory","629.9","Out of stock","https://click.linksynergy.com/deeplink?id=8BacdVP0GFs&mid=44583&murl=https%3A%2F%2Fwww.newegg.com%2Fkingston-technology-corp-fury-renegade-96gb-ddr5-6000-cas-latency-cl32-memory-silver-black%2Fp%2FN82E16820242826%3Fitem%3DN82E16820242826","$","newegg","629.9","In stock","https://www.amazon.com/dp/B0CJC8HS5C?tag=pcpapi-20&linkCode=ogi&th=1&psc=1","$","amazon","709.9",,,,,,"5","1","0%","0%","0%","0%","100%","32","Silver / Black","Non-ECC / Unbuffered","10.667 ns","288-pin DIMM (DDR5)","Yes","Kingston",,"2 x 48GB","KF560C32RSK2-96",,,"$7.396","DDR5-6000",,"1.35 V",,"https://pcpartpicker.com/product/yHMMnQ/kingston-fury-renegade-96-gb-2-x-48-gb-ddr5-6000-cl32-memory-kf560c32rsk2-96"
